{"cameraMode":{"drawMode":0,"name":"Shaded","section":"Shading Mode"},"sceneLighting":true,"audioPlay":false,"sceneViewState":{"m_AlwaysRefresh":false,"showFog":true,"showSkybox":true,"showFlares":true,"showImageEffects":true,"showParticleSystems":true,"showVisualEffectGraphs":true,"m_FxEnabled":true},"in2DMode":false,"pivot":{"x":2.907806396484375,"y":0.009778976440429688,"z":0.5805185437202454},"rotation":{"x":-0.04397941008210182,"y":0.8032907843589783,"z":-0.05918896198272705,"w":-0.5908429622650147},"size":0.8829439282417297,"orthographic":false}