{"cameraMode":{"drawMode":0,"name":"Shaded","section":"Shading Mode"},"sceneLighting":true,"audioPlay":false,"sceneViewState":{"m_AlwaysRefresh":false,"showFog":true,"showSkybox":true,"showFlares":true,"showImageEffects":true,"showParticleSystems":true,"showVisualEffectGraphs":true,"m_FxEnabled":true},"in2DMode":false,"pivot":{"x":-5.213094234466553,"y":-0.1816808581352234,"z":-0.9073272943496704},"rotation":{"x":-0.03103969432413578,"y":-0.18065272271633149,"z":0.007044563069939613,"w":-0.9829134941101074},"size":6.1940436363220219,"orthographic":false}