{"cameraMode":{"drawMode":0,"name":"Shaded","section":"Shading Mode"},"sceneLighting":true,"audioPlay":false,"sceneViewState":{"m_AlwaysRefresh":false,"showFog":true,"showSkybox":true,"showFlares":true,"showImageEffects":true,"showParticleSystems":true,"showVisualEffectGraphs":true,"m_FxEnabled":true},"in2DMode":false,"pivot":{"x":0.10494972765445709,"y":-2.452873706817627,"z":13.098932266235352},"rotation":{"x":0.06472856551408768,"y":-0.05422118678689003,"z":0.0022607012651860716,"w":0.9962747693061829},"size":16.26507568359375,"orthographic":false}