{"cameraMode":{"drawMode":0,"name":"Shaded","section":"Shading Mode"},"sceneLighting":true,"audioPlay":false,"sceneViewState":{"m_AlwaysRefresh":false,"showFog":true,"showSkybox":true,"showFlares":true,"showImageEffects":true,"showParticleSystems":true,"showVisualEffectGraphs":true,"m_FxEnabled":true},"in2DMode":false,"pivot":{"x":2.4596498012542726,"y":-2.0637495517730715,"z":-7.022672176361084},"rotation":{"x":0.05218237638473511,"y":0.8988679051399231,"z":-0.11299999058246613,"w":0.4197383224964142},"size":15.963600158691407,"orthographic":false}