{"cameraMode":{"drawMode":0,"name":"Shaded","section":"Shading Mode"},"sceneLighting":true,"audioPlay":false,"sceneViewState":{"m_AlwaysRefresh":false,"showFog":true,"showSkybox":true,"showFlares":true,"showImageEffects":true,"showParticleSystems":true,"showVisualEffectGraphs":true,"m_FxEnabled":true},"in2DMode":false,"pivot":{"x":1.9322609901428223,"y":-1.7975389957427979,"z":-2.4956459999084474},"rotation":{"x":-0.016882717609405519,"y":-0.9375689625740051,"z":0.34365999698638918,"w":-0.04745467007160187},"size":6.474820137023926,"orthographic":false}