{"cameraMode":{"drawMode":0,"name":"Shaded","section":"Shading Mode"},"sceneLighting":true,"audioPlay":false,"sceneViewState":{"m_AlwaysRefresh":false,"showFog":true,"showSkybox":true,"showFlares":true,"showImageEffects":true,"showParticleSystems":true,"showVisualEffectGraphs":true,"m_FxEnabled":true},"in2DMode":false,"pivot":{"x":2.3088643550872804,"y":7.851792335510254,"z":-98.53855895996094},"rotation":{"x":0.03327509015798569,"y":0.01615726575255394,"z":-0.0017969922628253699,"w":0.9991627335548401},"size":24.171451568603517,"orthographic":false}