{"cameraMode":{"drawMode":0,"name":"Shaded","section":"Shading Mode"},"sceneLighting":true,"audioPlay":false,"sceneViewState":{"m_AlwaysRefresh":false,"showFog":true,"showSkybox":true,"showFlares":true,"showImageEffects":true,"showParticleSystems":true,"showVisualEffectGraphs":true,"m_FxEnabled":true},"in2DMode":false,"pivot":{"x":0.6772868037223816,"y":-0.4166252017021179,"z":-0.7019534111022949},"rotation":{"x":-0.1094546765089035,"y":0.8252242803573608,"z":-0.17079196870326997,"w":-0.5267555713653565},"size":2.9668807983398439,"orthographic":false}