{"cameraMode":{"drawMode":0,"name":"Shaded","section":"Shading Mode"},"sceneLighting":true,"audioPlay":false,"sceneViewState":{"m_AlwaysRefresh":false,"showFog":true,"showSkybox":true,"showFlares":true,"showImageEffects":true,"showParticleSystems":true,"showVisualEffectGraphs":true,"m_FxEnabled":true},"in2DMode":false,"pivot":{"x":-7.677529335021973,"y":0.0097733736038208,"z":1.8706976175308228},"rotation":{"x":-0.025784652680158616,"y":-0.01796596124768257,"z":0.001422019791789353,"w":-0.9994382262229919},"size":2.682945489883423,"orthographic":false}