{"cameraMode":{"drawMode":0,"name":"Shaded","section":"Shading Mode"},"sceneLighting":false,"audioPlay":false,"sceneViewState":{"m_AlwaysRefresh":false,"showFog":true,"showSkybox":false,"showFlares":true,"showImageEffects":true,"showParticleSystems":true,"showVisualEffectGraphs":true,"m_FxEnabled":true},"in2DMode":false,"pivot":{"x":0.8509290218353272,"y":0.5568533539772034,"z":-1.5753109455108643},"rotation":{"x":-0.009927516803145409,"y":0.9393803477287293,"z":0.026376744732260705,"w":0.3414169251918793},"size":3.26588773727417,"orthographic":false}