{"cameraMode":{"drawMode":0,"name":"Shaded","section":"Shading Mode"},"sceneLighting":false,"audioPlay":false,"sceneViewState":{"m_AlwaysRefresh":false,"showFog":true,"showSkybox":false,"showFlares":true,"showImageEffects":true,"showParticleSystems":true,"showVisualEffectGraphs":true,"m_FxEnabled":true},"in2DMode":false,"pivot":{"x":-0.008945818990468979,"y":-0.7764409780502319,"z":0.38877344131469729},"rotation":{"x":-0.08617124706506729,"y":0.752411425113678,"z":-0.09987882524728775,"w":-0.6451915502548218},"size":2.3658881187438967,"orthographic":false}