{"cameraMode":{"drawMode":0,"name":"Shaded","section":"Shading Mode"},"sceneLighting":false,"audioPlay":false,"sceneViewState":{"m_AlwaysRefresh":false,"showFog":true,"showSkybox":false,"showFlares":true,"showImageEffects":true,"showParticleSystems":true,"showVisualEffectGraphs":true,"m_FxEnabled":true},"in2DMode":false,"pivot":{"x":0.6496551632881165,"y":0.09304256737232208,"z":0.5338783860206604},"rotation":{"x":-0.2317667156457901,"y":0.7536637783050537,"z":-0.3407679498195648,"w":-0.5118377804756165},"size":2.0609734058380129,"orthographic":false}